id,video,game_id
26,t7zGZLv6Zaw,fb420243-232e-4fe1-acfd-134f8427e515
27,Dc_2NOLQNIg,faf77828-592f-4dd2-9b8b-904a912efd46
28,4mrx1G26GTQ,faf77828-592f-4dd2-9b8b-904a912efd46
29,DhH5bfoZJFo,faf77828-592f-4dd2-9b8b-904a912efd46
30,PBi3Enyfyp4,f44ed937-a134-4fda-a332-de4378df62b4
31,QIgx0vPPDtA,f44ed937-a134-4fda-a332-de4378df62b4
32,BYCUsfL-6QE,f44ed937-a134-4fda-a332-de4378df62b4
59,JeGAQXY2FzI,f25b5cfb-ecf7-4854-8630-cd979ca2a026
60,VpXUIh7rlWI,f25b5cfb-ecf7-4854-8630-cd979ca2a026
61,i8qzBkHjk_0,f200447d-95a6-46ff-ab93-ab1ba2158c44
62,-PhhiKPHTWM,f200447d-95a6-46ff-ab93-ab1ba2158c44
63,YgGmf4gT4Wk,f200447d-95a6-46ff-ab93-ab1ba2158c44
64,PZjx5ao7alw,f200447d-95a6-46ff-ab93-ab1ba2158c44
65,jY5neHkqT_Y,f06d540a-ed32-48e4-9615-261c47e24047
67,17CkFYtL2BQ,f06d540a-ed32-48e4-9615-261c47e24047
72,eOiUtRF8k28,eb02b546-e3a7-4386-b8e9-d1576fcfe641
73,s_SJZSAtLBA,e7ae15b8-6a9e-40f8-aeba-e384dfc5fb37
74,_ddQqzwH__4,e7ae15b8-6a9e-40f8-aeba-e384dfc5fb37
75,H23mk3Zgtpk,e7ae15b8-6a9e-40f8-aeba-e384dfc5fb37
76,UXSUVWj2wxA,e7ae15b8-6a9e-40f8-aeba-e384dfc5fb37
6,E69tKrfEQag,cc8f6183-89ca-4a0d-b000-9a5df2c6e31d
3,HVRzx17WHVk,d790c144-5da2-4ef5-b278-e4840b0349f3
5,R2Ebc_OFeug,a34f0d6e-ee24-4e92-a1f1-136d75bb3db7
7,fvPbILroeG8,91e8c4f7-3372-4b0e-abe0-e4df2fe51ffc
9,OmTnhXu9dqc,91e8c4f7-3372-4b0e-abe0-e4df2fe51ffc
20,dIQGI36BxDE,51e253ce-e19a-4e27-95f3-82794841cc15
4,N-xHcvug3WI,50b19c08-b5c0-4f61-bc4f-5ff28fdc9d3c
14,BD9dJZ6Dgx4,003c1cb2-2333-4a28-a76c-4b1bbac13eae
15,hh5HV4iic1Y,003c1cb2-2333-4a28-a76c-4b1bbac13eae
16,IsXHjqr2fBg,003c1cb2-2333-4a28-a76c-4b1bbac13eae
23,cK4iAjzAoas,fb420243-232e-4fe1-acfd-134f8427e515
24,cUuKIpCM2o0,fb420243-232e-4fe1-acfd-134f8427e515
25,kGq7ZCth7QY,fb420243-232e-4fe1-acfd-134f8427e515
58,wsf78BS9VE0,f25b5cfb-ecf7-4854-8630-cd979ca2a026
66,TI3AMPKEPmQ,f06d540a-ed32-48e4-9615-261c47e24047
68,-3YRo48r9ho,f06d540a-ed32-48e4-9615-261c47e24047
69,vhII1qlcZ4E,eb02b546-e3a7-4386-b8e9-d1576fcfe641
70,8x3QL0gQQRU,eb02b546-e3a7-4386-b8e9-d1576fcfe641
71,II5UsqP2JAk,eb02b546-e3a7-4386-b8e9-d1576fcfe641
2,eaW0tYpxyp0,d790c144-5da2-4ef5-b278-e4840b0349f3
10,K_03kFqWfqs,9437cc3e-e4be-4db9-b7ef-ba99f4573529
11,E3Huy2cdih0,9437cc3e-e4be-4db9-b7ef-ba99f4573529
8,W01L70IGBgE,91e8c4f7-3372-4b0e-abe0-e4df2fe51ffc
1,FcogCjLymeI,621e4265-f73e-4105-978d-252495659c05
12,1-l29HlKkXU,621e4265-f73e-4105-978d-252495659c05
13,c0i88t0Kacs,621e4265-f73e-4105-978d-252495659c05
19,EE-4GvjKcfs,51e253ce-e19a-4e27-95f3-82794841cc15
17,TV07cZLWIjc,40cb3374-86a6-494e-b13a-9929e3242514
18,K0u_kAWLJOA,40cb3374-86a6-494e-b13a-9929e3242514
21,uHGShqcAHlQ,025ea231-da64-407d-94aa-715e7751ba0a
77,6n98pUj2PNI,ddd95d91-9820-4d72-97cd-f5d35bd04557
78,rphMI23CUM0,ddd95d91-9820-4d72-97cd-f5d35bd04557
79,i15agflY4Hk,ddd95d91-9820-4d72-97cd-f5d35bd04557
80,MLeRa9Bqm-0,ddd95d91-9820-4d72-97cd-f5d35bd04557
81,gmA6MrX81z4,d790c144-5da2-4ef5-b278-e4840b0349f3
82,F63h3v9QV7w,d790c144-5da2-4ef5-b278-e4840b0349f3
83,Euk0islADes,d739700b-a316-46e8-abb6-cac4a204a6d9
84,1lNmsMAMd00,d739700b-a316-46e8-abb6-cac4a204a6d9
85,UWWA1jnI5N4,d41bb98f-6c3c-40d1-8025-9a9e9edef36b
86,P-UY6IyI03Q,d41bb98f-6c3c-40d1-8025-9a9e9edef36b
87,yCBAkg3cLP0,d41bb98f-6c3c-40d1-8025-9a9e9edef36b
88,hqVzFjna00Y,d41bb98f-6c3c-40d1-8025-9a9e9edef36b
92,4PTbJ_6P9ms,d1c2404d-5bcf-4bff-a3f3-359b3439a8cc
97,Kznek1uNVsg,cc9db3b4-a973-401d-8a52-e9f92a95229c
98,5ZXqcymx0CI,cc9db3b4-a973-401d-8a52-e9f92a95229c
99,ERgrFVhL-n4,cc9db3b4-a973-401d-8a52-e9f92a95229c
100,eHdaWMP7D2s,cc9db3b4-a973-401d-8a52-e9f92a95229c
101,Id2EaldBaWw,cc8f6183-89ca-4a0d-b000-9a5df2c6e31d
102,-L1EuRo54pI,cc8f6183-89ca-4a0d-b000-9a5df2c6e31d
103,OHmSjQyj644,cc8f6183-89ca-4a0d-b000-9a5df2c6e31d
105,1_FIyNcQSgA,c7f0e843-feee-4941-8a88-ceafba9862df
106,vF07oLpHEBw,c7f0e843-feee-4941-8a88-ceafba9862df
107,zF9m91y8Na0,c7f0e843-feee-4941-8a88-ceafba9862df
108,TuAM-b7m3iw,c5619b78-06b3-4b02-a26f-a07d1d87711d
109,u3wS-Q2KBpk,c5619b78-06b3-4b02-a26f-a07d1d87711d
111,a-lEnz5QKuM,c5619b78-06b3-4b02-a26f-a07d1d87711d
112,ohClxMmNLQQ,c4b4e3af-76bc-4477-8cd6-94bb8901583c
113,GAWHzGNcTEw,c4b4e3af-76bc-4477-8cd6-94bb8901583c
114,wzx96gYA8ek,c37a5bd4-0bdd-4b3d-98b4-7fe617dc1123
115,u4-FCsiF5x4,c37a5bd4-0bdd-4b3d-98b4-7fe617dc1123
116,sYD7era8u0k,c37a5bd4-0bdd-4b3d-98b4-7fe617dc1123
117,Ejnec9B2NyA,c37a5bd4-0bdd-4b3d-98b4-7fe617dc1123
119,BtyBjOW8sGY,b8e39a1c-8317-40c5-8dce-187ef96305be
123,B0wSCFBJcSs,b291fd6c-4deb-4eec-82f1-614ce496cf30
124,5iJUt6aBXAw,b291fd6c-4deb-4eec-82f1-614ce496cf30
125,DIneiOpuS2M,b291fd6c-4deb-4eec-82f1-614ce496cf30
126,HXVx2bPgBp8,ace9041e-a0fe-47b8-b0cc-8ec09c19e727
127,C19ap2M7DDE,acd39674-564f-483b-9c0f-4def399d75af
128,A9JV0EvCkMI,acd39674-564f-483b-9c0f-4def399d75af
130,Hm6AeNT0Jqo,acd39674-564f-483b-9c0f-4def399d75af
132,WxjeV10H1F0,a34f0d6e-ee24-4e92-a1f1-136d75bb3db7
133,CxVyuE2Nn_w,a34f0d6e-ee24-4e92-a1f1-136d75bb3db7
134,LW5NwaUXgIA,a34f0d6e-ee24-4e92-a1f1-136d75bb3db7
137,ebOFIvAGG3Y,948a0390-ccd8-4479-a452-c467dfc29a02
138,ZbgRxwDxzWE,948a0390-ccd8-4479-a452-c467dfc29a02
140,D1mDo1CEMuE,9437cc3e-e4be-4db9-b7ef-ba99f4573529
141,W1OUs3HwIuo,92ec0f8e-b0b0-4c7b-967c-d13599a5ff21
143,u3zIzY6M3fQ,92ec0f8e-b0b0-4c7b-967c-d13599a5ff21
144,viyqPAziAaw,92ec0f8e-b0b0-4c7b-967c-d13599a5ff21
145,MX6eqoCLbTc,91e8c4f7-3372-4b0e-abe0-e4df2fe51ffc
146,vYaS8CAg68k,91645569-825d-4cbd-aae7-ec0be78132ec
147,FjkM414zZRU,91645569-825d-4cbd-aae7-ec0be78132ec
148,fkpVKUd904s,91645569-825d-4cbd-aae7-ec0be78132ec
149,f6V0HNNHQK4,91645569-825d-4cbd-aae7-ec0be78132ec
150,XLZN63UxAOM,85c1ef2d-7953-413a-bb8b-b5c31880a723
151,Lq594XmpPBg,85c1ef2d-7953-413a-bb8b-b5c31880a723
152,UxDWGW7Z67I,85c1ef2d-7953-413a-bb8b-b5c31880a723
153,Lbl2wfyAgxY,85c1ef2d-7953-413a-bb8b-b5c31880a723
155,3R2uvJqWeVg,8525047c-d017-4035-b607-85fb86855b71
157,q4GdJVvdxss,8525047c-d017-4035-b607-85fb86855b71
158,StXRi5zPPjk,832dac54-b135-498f-ba88-a3926c266e2b
159,wJxNhJ8fjFk,832dac54-b135-498f-ba88-a3926c266e2b
160,mOQwMLWEJrg,832dac54-b135-498f-ba88-a3926c266e2b
161,p68k3U8WzRU,832dac54-b135-498f-ba88-a3926c266e2b
162,SwmEIylU87Y,817e1183-c8b4-430f-a338-a05573d1e45c
163,jJqxfkgSUog,817e1183-c8b4-430f-a338-a05573d1e45c
164,yHeWOQvVRd8,817e1183-c8b4-430f-a338-a05573d1e45c
165,uO2h4qUNJ60,817e1183-c8b4-430f-a338-a05573d1e45c
167,r2JcjcVhtGw,7d175438-da6b-4f60-8297-b2539ba58b8c
168,xSFSNuDnrXM,7d175438-da6b-4f60-8297-b2539ba58b8c
169,C4gXzbYEU4A,7d175438-da6b-4f60-8297-b2539ba58b8c
170,FkklG9MA0vM,79c09813-e258-4fe7-bf33-73516deec59a
171,_UuktemkCFI,79c09813-e258-4fe7-bf33-73516deec59a
172,2HOClc6Svg4,79c09813-e258-4fe7-bf33-73516deec59a
173,_oVwrpfo_QA,79c09813-e258-4fe7-bf33-73516deec59a
175,xIl2z5wwjdA,770014fc-5129-412a-82a9-2a90e89c0600
176,1wWkQXUMQYI,770014fc-5129-412a-82a9-2a90e89c0600
177,_va1_a-Z5DE,770014fc-5129-412a-82a9-2a90e89c0600
178,KMSGj9Y2T9Q,69c6a93b-33aa-410a-9f0d-c804ce1a3556
179,GL4tQAN-bCY,69c6a93b-33aa-410a-9f0d-c804ce1a3556
180,dG6_CAdiLPM,69c6a93b-33aa-410a-9f0d-c804ce1a3556
181,jHPAnj_Lcbo,69c6a93b-33aa-410a-9f0d-c804ce1a3556
182,cYjR5UzhcZA,647834ee-08e5-4a9a-bf97-bdfbe4fc08e4
183,RhjtJIHe_v0,647834ee-08e5-4a9a-bf97-bdfbe4fc08e4
184,ybo30QlSk64,647834ee-08e5-4a9a-bf97-bdfbe4fc08e4
185,RO90omga8D4,647834ee-08e5-4a9a-bf97-bdfbe4fc08e4
186,5yu7FVZOyAo,621e4265-f73e-4105-978d-252495659c05
187,4HLDaBGdnLc,5c48b26f-ceda-429d-b3d1-d98d00e5da87
189,_F6YBwIPzmk,5c48b26f-ceda-429d-b3d1-d98d00e5da87
190,bmj3ty-Wt48,5c48b26f-ceda-429d-b3d1-d98d00e5da87
191,MUz539AeC5Y,52dcbd17-36f7-4caf-bedf-fc9aacca362c
192,RcWk08PBe7k,52dcbd17-36f7-4caf-bedf-fc9aacca362c
193,rTNfgIAi3pY,52dcbd17-36f7-4caf-bedf-fc9aacca362c
93,UcaMw4aCz4c,d0d7b21f-7aea-4d50-ad35-7f08e2b8c251
94,rP3UngLFou4,d0d7b21f-7aea-4d50-ad35-7f08e2b8c251
95,piIgkJWDuQg,d0d7b21f-7aea-4d50-ad35-7f08e2b8c251
104,xV9XyNu6AFU,c7f0e843-feee-4941-8a88-ceafba9862df
110,xtxJtQa6VSw,c5619b78-06b3-4b02-a26f-a07d1d87711d
118,1O6Qstncpnc,b8e39a1c-8317-40c5-8dce-187ef96305be
120,NthGfn_ddRQ,b8e39a1c-8317-40c5-8dce-187ef96305be
121,2AZmuZNu5LA,b8e39a1c-8317-40c5-8dce-187ef96305be
122,X5aJfebzkrM,b291fd6c-4deb-4eec-82f1-614ce496cf30
129,RhseWPWYPBA,acd39674-564f-483b-9c0f-4def399d75af
131,A9JV0EvCkMI,acd39674-564f-483b-9c0f-4def399d75af
135,1rPxiXXxftE,948a0390-ccd8-4479-a452-c467dfc29a02
136,zw47_q9wbBE,948a0390-ccd8-4479-a452-c467dfc29a02
139,e5wwSxl0atc,9437cc3e-e4be-4db9-b7ef-ba99f4573529
142,V_Hbr9ITvc0,92ec0f8e-b0b0-4c7b-967c-d13599a5ff21
154,Pq02p3z3X2k,8525047c-d017-4035-b607-85fb86855b71
156,Pq02p3z3X2k,8525047c-d017-4035-b607-85fb86855b71
166,OVAQrE5A5sI,7d175438-da6b-4f60-8297-b2539ba58b8c
174,0GLbwkfhYZk,770014fc-5129-412a-82a9-2a90e89c0600
188,VRaobDJjiec,5c48b26f-ceda-429d-b3d1-d98d00e5da87
194,A5gVt028Hww,52dcbd17-36f7-4caf-bedf-fc9aacca362c
196,g1wr0DfV73E,51e253ce-e19a-4e27-95f3-82794841cc15
197,O2W0N3uKXmo,5100d66f-7bb0-477b-ac42-44eeac2f1d9b
198,QkkoHAzjnUs,50b19c08-b5c0-4f61-bc4f-5ff28fdc9d3c
199,3DBrG2YjqQA,50b19c08-b5c0-4f61-bc4f-5ff28fdc9d3c
200,HqZXw5M6qQY,50b19c08-b5c0-4f61-bc4f-5ff28fdc9d3c
201,oDav-JfidL0,4a650783-6a10-42d3-914f-f0270ba9627b
203,bmStDMvtAWg,4a650783-6a10-42d3-914f-f0270ba9627b
204,GXplrOBNfcU,4a650783-6a10-42d3-914f-f0270ba9627b
205,rClXqZD2Xrs,40cb3374-86a6-494e-b13a-9929e3242514
206,8WPe5unfSto,40cb3374-86a6-494e-b13a-9929e3242514
207,qIbzwb8vzNI,355a8331-2486-4416-85cc-c14b7f1c3d9c
208,aPKIQgc0Fnw,355a8331-2486-4416-85cc-c14b7f1c3d9c
209,ySuHJ5CL9gk,355a8331-2486-4416-85cc-c14b7f1c3d9c
210,glbyAFwIB_I,355a8331-2486-4416-85cc-c14b7f1c3d9c
211,2reK8k8nwBc,3219e880-2b4e-4841-9a5a-be63dace21b7
212,2kPSl2vyu2Y,3219e880-2b4e-4841-9a5a-be63dace21b7
213,kd0zbNw1VOg,3219e880-2b4e-4841-9a5a-be63dace21b7
214,SuDYRZijXws,3219e880-2b4e-4841-9a5a-be63dace21b7
215,pdZQ98mWeto,30cd194a-c54f-4192-8b12-34dc5de87e75
216,RFgusTYInas,30cd194a-c54f-4192-8b12-34dc5de87e75
217,OYmUgbVLs4k,30cd194a-c54f-4192-8b12-34dc5de87e75
218,8qNxyP6u2Kg,30cd194a-c54f-4192-8b12-34dc5de87e75
219,cTDJNZ9cK1w,2c8780fc-f953-4e60-a34e-14dd25dd021f
220,wv-9jFocVQ4,2c8780fc-f953-4e60-a34e-14dd25dd021f
221,ctQl9wa3ydE,2c8780fc-f953-4e60-a34e-14dd25dd021f
222,2f7sJyIDU-Q,2c8780fc-f953-4e60-a34e-14dd25dd021f
225,39_dzijSmf0,2c1fd3b3-78cb-4210-9dee-30b7625eeaa5
226,7Yh-zFCILR4,2c1fd3b3-78cb-4210-9dee-30b7625eeaa5
227,QKocYiRHYlI,27e7a99b-a40b-4bc2-98fd-d3134cc453fa
229,btFclZUXpzA,27e7a99b-a40b-4bc2-98fd-d3134cc453fa
232,zU3rmggIcpc,20f8bfb7-b1a3-456f-aa8d-3fe5c3670803
233,SuDYRZijXws,20f8bfb7-b1a3-456f-aa8d-3fe5c3670803
235,HYifuOyDdR4,1d1f0c77-4b09-4fce-83b2-df7085400407
236,SJu6MmB-Pc4,1d1f0c77-4b09-4fce-83b2-df7085400407
237,NGK1sayTCh8,1d1f0c77-4b09-4fce-83b2-df7085400407
238,FLkTdcE_ZKw,1d1f0c77-4b09-4fce-83b2-df7085400407
239,vrSY6E-TXg4,17714fc7-75a6-496a-a107-29cd2c1b47f2
240,qzN7NHYYyu8,17714fc7-75a6-496a-a107-29cd2c1b47f2
241,14FfhVQrrAo,17714fc7-75a6-496a-a107-29cd2c1b47f2
242,rXMX4YJ7Lks,17714fc7-75a6-496a-a107-29cd2c1b47f2
243,3NcF7EOnjow,13a2a104-9c67-4a00-ae5d-19541dcc0e92
244,FcxkVg9JHz0,13a2a104-9c67-4a00-ae5d-19541dcc0e92
245,HAKBU7VXdUI,13a2a104-9c67-4a00-ae5d-19541dcc0e92
246,zN2ERK7tNqI,13a2a104-9c67-4a00-ae5d-19541dcc0e92
247,0J4u1FD87FM,12545cd9-0569-4882-b04e-b8adc223a8fd
249,cWBwFhUv1-8,12545cd9-0569-4882-b04e-b8adc223a8fd
250,oX0cvtjKt9E,12545cd9-0569-4882-b04e-b8adc223a8fd
251,5gBVZj6ROV0,0b88d590-82ab-40aa-83b1-20e7c4503e59
252,J_gEzOZKyE4,0b88d590-82ab-40aa-83b1-20e7c4503e59
253,T9CcbwO9LFk,0b88d590-82ab-40aa-83b1-20e7c4503e59
254,U3RXpEXA0jw,0b88d590-82ab-40aa-83b1-20e7c4503e59
257,1nKW9kTjsps,0364fc87-34cd-43f0-8fc6-a0a6a931d5c2
258,iTDvYvlyPaE,0364fc87-34cd-43f0-8fc6-a0a6a931d5c2
259,2SNF4M_v7wc,025ea231-da64-407d-94aa-715e7751ba0a
261,wIJODMsYbkc,025ea231-da64-407d-94aa-715e7751ba0a
262,y1Rx-Bbht5E,003c1cb2-2333-4a28-a76c-4b1bbac13eae
263,vgNUe8V-Xng,003c1cb2-2333-4a28-a76c-4b1bbac13eae
89,YtPmIBqRwQU,d1c2404d-5bcf-4bff-a3f3-359b3439a8cc
90,QD1pbWCJcKQ,d1c2404d-5bcf-4bff-a3f3-359b3439a8cc
91,Pelrr__9qx8,d1c2404d-5bcf-4bff-a3f3-359b3439a8cc
96,tCI396HyhbQ,d0d7b21f-7aea-4d50-ad35-7f08e2b8c251
195,hfJ4Km46A-0,51e253ce-e19a-4e27-95f3-82794841cc15
202,9hklKfEEsxc,4a650783-6a10-42d3-914f-f0270ba9627b
223,fBJ0ifVtK5c,2c1fd3b3-78cb-4210-9dee-30b7625eeaa5
224,LCC5sEtOnkU,2c1fd3b3-78cb-4210-9dee-30b7625eeaa5
228,26tay8lMZW4,27e7a99b-a40b-4bc2-98fd-d3134cc453fa
230,7paVdAx3cjE,27e7a99b-a40b-4bc2-98fd-d3134cc453fa
231,cklw-Yu3moE,20f8bfb7-b1a3-456f-aa8d-3fe5c3670803
234,kd0zbNw1VOg,20f8bfb7-b1a3-456f-aa8d-3fe5c3670803
248,_zDZYrIUgKE,12545cd9-0569-4882-b04e-b8adc223a8fd
255,2Crk_GpxGQE,0364fc87-34cd-43f0-8fc6-a0a6a931d5c2
256,G203e1HhixY,0364fc87-34cd-43f0-8fc6-a0a6a931d5c2
260,fYZuiFDQwQw,025ea231-da64-407d-94aa-715e7751ba0a
